"Date","Price","Open","High","Low","Vol.","Change %"
"Jan 03, 2019","156.28","154.13","157.30","154.11","14.18M","1.81%"
"Jan 04, 2019","159.15","156.71","159.15","156.71","14.56M","1.84%"
"Jan 08, 2019","158.26","158.75","158.94","156.55","17.04M","-0.56%"
"Jan 09, 2019","160.24","158.88","160.40","158.40","19.15M","1.25%"
"Jan 10, 2019","160.20","159.75","160.20","157.56","19.95M","-0.02%"
"Jan 11, 2019","161.00","160.20","161.13","159.80","17.61M","0.50%"
"Jan 14, 2019","160.48","159.70","160.75","159.20","12.59M","-0.32%"
"Jan 15, 2019","158.15","160.97","161.50","157.35","20.87M","-1.45%"
"Jan 16, 2019","156.90","158.50","158.75","155.80","20.87M","-0.79%"
"Jan 17, 2019","157.10","157.40","157.40","155.60","16.24M","0.13%"
"Jan 18, 2019","159.20","158.16","159.20","157.43","18.27M","1.34%"
"Jan 21, 2019","158.30","159.02","160.07","158.01","11.92M","-0.57%"
"Jan 22, 2019","158.50","157.86","158.50","156.57","18.84M","0.13%"
"Jan 23, 2019","159.90","158.24","159.90","158.02","14.57M","0.88%"
"Jan 24, 2019","160.90","159.78","162.78","158.86","35.66M","0.63%"
"Jan 25, 2019","162.82","161.61","162.82","160.18","19.77M","1.19%"
"Jan 28, 2019","160.56","162.40","163.58","159.82","23.90M","-1.39%"
"Jan 29, 2019","162.95","160.10","162.98","159.00","22.82M","1.49%"
"Jan 30, 2019","165.40","162.51","165.84","162.26","25.11M","1.50%"
"Jan 31, 2019","162.82","166.00","166.49","162.55","30.70M","-1.56%"
"Feb 01, 2019","163.33","162.49","164.37","161.75","23.09M","0.31%"
"Feb 04, 2019","163.20","163.49","165.00","162.81","11.46M","-0.08%"
"Feb 05, 2019","164.25","163.45","165.43","162.54","13.71M","0.64%"
"Feb 06, 2019","163.21","164.41","164.67","163.07","9.55M","-0.63%"
"Feb 07, 2019","160.39","162.89","163.44","159.10","23.54M","-1.73%"
"Feb 08, 2019","159.80","159.16","161.36","158.11","19.42M","-0.37%"
"Feb 11, 2019","161.29","160.40","162.30","160.18","19.13M","0.93%"
"Feb 12, 2019","163.68","161.50","163.68","160.75","14.99M","1.48%"
"Feb 13, 2019","159.27","164.00","164.28","159.27","22.01M","-2.69%"
"Feb 14, 2019","155.15","157.35","158.74","155.15","38.38M","-2.59%"
"Feb 15, 2019","159.04","155.99","159.04","155.89","24.57M","2.51%"
"Feb 18, 2019","156.43","159.25","159.90","156.14","17.78M","-1.64%"
"Feb 19, 2019","154.03","156.41","157.14","153.36","20.05M","-1.53%"
"Feb 20, 2019","154.43","154.65","155.66","153.67","21.15M","0.26%"
"Feb 21, 2019","153.50","154.84","155.41","153.01","15.22M","-0.60%"
"Feb 22, 2019","154.64","153.51","155.65","153.49","13.20M","0.74%"
"Feb 25, 2019","154.60","155.01","155.37","153.56","14.81M","-0.03%"
"Feb 26, 2019","155.36","153.95","155.36","152.82","18.30M","0.49%"
"Feb 27, 2019","156.40","155.70","157.15","154.82","19.72M","0.67%"
"Feb 28, 2019","158.99","156.22","159.25","156.02","34.68M","1.66%"
"Mar 01, 2019","156.71","158.92","159.55","156.31","21.89M","-1.43%"
"Mar 04, 2019","154.40","156.75","156.76","154.40","17.20M","-1.47%"
"Mar 05, 2019","153.20","154.05","154.65","153.11","20.13M","-0.78%"
"Mar 06, 2019","154.20","153.31","154.45","153.07","17.14M","0.65%"
"Mar 07, 2019","151.90","154.01","154.19","151.58","19.67M","-1.49%"
"Mar 11, 2019","151.60","151.90","152.47","150.51","19.52M","-0.20%"
"Mar 12, 2019","151.64","152.24","152.95","150.84","15.49M","0.03%"
"Mar 13, 2019","153.30","151.10","153.30","150.66","18.55M","1.09%"
"Mar 14, 2019","152.68","153.39","154.40","152.53","19.96M","-0.40%"
"Mar 15, 2019","154.56","152.98","154.56","152.11","33.33M","1.23%"
"Mar 18, 2019","155.84","154.20","156.48","153.60","22.07M","0.83%"
"Mar 19, 2019","155.50","155.84","156.45","154.60","17.54M","-0.22%"
"Mar 20, 2019","156.09","155.51","156.14","154.00","20.10M","0.38%"
"Mar 21, 2019","155.33","156.40","156.70","154.52","28.16M","-0.49%"
"Mar 22, 2019","152.29","155.02","155.02","151.85","23.21M","-1.96%"
"Mar 25, 2019","152.29","151.21","152.29","150.72","22.54M","0.00%"
"Mar 26, 2019","151.12","151.99","152.91","150.83","21.64M","-0.77%"
"Mar 27, 2019","149.49","150.88","151.44","149.03","23.94M","-1.08%"
"Mar 28, 2019","149.98","149.79","150.75","148.83","16.39M","0.33%"
"Mar 29, 2019","149.61","150.17","151.64","149.13","26.45M","-0.25%"
"Apr 01, 2019","154.53","150.28","154.81","149.92","37.03M","3.29%"
"Apr 02, 2019","155.00","154.85","155.80","153.30","30.99M","0.30%"
"Apr 03, 2019","156.99","155.30","157.58","155.30","33.85M","1.28%"
"Apr 04, 2019","158.89","156.75","158.89","156.40","23.00M","1.21%"
"Apr 05, 2019","158.60","158.33","159.50","157.87","22.89M","-0.18%"
"Apr 08, 2019","160.50","158.81","160.88","158.81","25.83M","1.20%"
"Apr 09, 2019","162.70","160.41","163.35","159.80","40.15M","1.37%"
"Apr 10, 2019","162.88","162.40","164.95","162.12","38.96M","0.11%"
"Apr 11, 2019","158.04","162.38","162.95","158.04","44.98M","-2.97%"
"Apr 12, 2019","159.12","158.51","160.46","157.90","29.34M","0.68%"
"Apr 15, 2019","158.33","160.00","160.60","157.62","18.39M","-0.50%"
"Apr 16, 2019","162.24","158.99","163.42","158.21","27.28M","2.47%"
"Apr 17, 2019","164.00","163.40","165.40","162.40","28.49M","1.08%"
"Apr 18, 2019","161.79","163.75","163.79","160.85","19.65M","-1.35%"
"Apr 19, 2019","162.57","161.95","162.57","161.50","3.85M","0.48%"
"Apr 22, 2019","163.50","163.21","164.34","162.76","8.95M","0.57%"
"Apr 23, 2019","162.42","163.50","163.85","160.91","15.16M","-0.66%"
"Apr 24, 2019","160.57","162.91","163.07","159.18","25.76M","-1.14%"
"Apr 25, 2019","159.31","160.25","160.95","158.80","21.71M","-0.78%"
"Apr 26, 2019","161.00","159.03","161.00","158.58","17.63M","1.06%"
"Apr 29, 2019","163.93","161.20","164.74","160.68","31.20M","1.82%"
"Apr 30, 2019","163.95","164.10","165.40","163.01","31.33M","0.01%"
"May 02, 2019","165.71","163.67","166.85","163.67","20.69M","1.07%"
"May 03, 2019","166.31","166.20","166.98","165.83","13.23M","0.36%"
"May 06, 2019","165.45","165.00","165.45","163.34","15.57M","-0.52%"
"May 07, 2019","164.21","165.00","166.27","164.21","19.35M","-0.75%"
"May 08, 2019","163.57","164.50","165.44","163.55","17.90M","-0.39%"
"May 10, 2019","163.61","163.60","164.90","162.62","16.16M","0.02%"
"May 13, 2019","163.00","163.48","164.34","163.00","16.95M","-0.37%"
"May 14, 2019","189.67","163.00","190.90","162.65","182.19M","16.36%"
"May 15, 2019","195.61","193.00","198.40","192.29","135.54M","3.13%"
"May 16, 2019","202.70","194.31","203.45","194.24","100.06M","3.62%"
"May 17, 2019","198.89","201.80","202.30","197.71","49.62M","-1.88%"
"May 20, 2019","200.80","200.20","201.48","198.30","27.30M","0.96%"
"May 21, 2019","207.80","201.30","210.98","199.01","90.77M","3.49%"
"May 22, 2019","208.10","208.92","210.11","206.33","35.10M","0.14%"
"May 23, 2019","208.86","207.00","212.18","205.84","54.53M","0.37%"
"May 24, 2019","204.50","209.49","210.20","203.76","29.04M","-2.09%"
"May 27, 2019","206.20","204.25","206.60","200.84","28.13M","0.83%"
"May 28, 2019","203.13","206.00","206.00","201.00","61.17M","-1.49%"
"May 29, 2019","207.14","202.11","207.69","201.11","42.94M","1.97%"
"May 30, 2019","213.10","207.90","216.45","207.57","77.21M","2.88%"
"May 31, 2019","215.10","212.00","215.27","210.05","43.76M","0.94%"
"Jun 03, 2019","235.51","214.41","251.65","213.50","218.66M","9.49%"
"Jun 04, 2019","230.16","233.50","235.59","223.52","109.61M","-2.27%"
"Jun 05, 2019","230.01","230.24","233.30","228.04","40.24M","-0.07%"
"Jun 06, 2019","231.45","230.00","236.62","228.71","55.26M","0.63%"
"Jun 07, 2019","230.50","233.77","233.77","230.00","42.25M","-0.41%"
"Jun 10, 2019","232.10","230.85","234.30","230.40","30.62M","0.69%"
"Jun 11, 2019","234.86","232.32","237.63","231.13","44.89M","1.19%"
"Jun 13, 2019","234.44","233.74","237.35","233.01","35.41M","-0.18%"
"Jun 14, 2019","231.51","234.13","235.44","231.26","25.41M","-1.25%"
"Jun 17, 2019","229.81","231.58","234.44","229.63","32.36M","-0.73%"
"Jun 18, 2019","232.13","229.67","232.30","228.30","32.23M","1.01%"
"Jun 19, 2019","232.46","232.50","235.42","232.00","31.84M","0.14%"
"Jun 20, 2019","232.52","234.00","234.45","231.45","44.89M","0.03%"
"Jun 21, 2019","229.09","232.52","232.52","228.85","47.10M","-1.48%"
"Jun 24, 2019","232.38","229.54","233.04","229.47","22.08M","1.44%"
"Jun 25, 2019","232.09","232.01","232.19","229.64","21.54M","-0.12%"
"Jun 26, 2019","233.10","232.51","233.60","232.00","19.24M","0.44%"
"Jun 27, 2019","232.60","233.00","234.93","232.60","22.24M","-0.21%"
"Jun 28, 2019","232.83","233.20","235.47","232.35","42.49M","0.10%"
"Jul 01, 2019","245.50","234.10","248.43","234.10","79.85M","5.44%"
"Jul 02, 2019","246.65","246.25","249.26","243.70","31.53M","0.47%"
"Jul 03, 2019","251.60","246.00","251.60","245.55","44.80M","2.01%"
"Jul 04, 2019","255.35","251.60","256.40","250.61","43.49M","1.49%"
"Jul 05, 2019","250.89","255.32","255.96","250.12","36.24M","-1.75%"
"Jul 08, 2019","248.51","250.09","250.96","245.20","39.35M","-0.95%"
"Jul 09, 2019","250.17","248.69","252.93","247.71","32.46M","0.67%"
"Jul 10, 2019","250.21","250.75","251.48","248.80","33.02M","0.02%"
"Jul 11, 2019","247.20","250.00","250.69","245.00","43.06M","-1.20%"
"Jul 12, 2019","245.50","247.00","247.80","244.00","21.63M","-0.69%"
"Jul 15, 2019","240.30","246.98","248.08","240.10","35.98M","-2.12%"
"Jul 16, 2019","238.01","240.01","240.40","235.83","40.88M","-0.95%"
"Jul 17, 2019","220.19","223.56","224.03","218.63","49.43M","-7.49%"
"Jul 18, 2019","218.30","219.00","219.80","215.77","30.87M","-0.86%"
"Jul 19, 2019","216.00","219.50","220.43","215.37","20.03M","-1.05%"
"Jul 22, 2019","217.12","215.97","220.00","214.10","33.71M","0.52%"
"Jul 23, 2019","217.39","217.50","221.17","216.76","34.74M","0.12%"
"Jul 24, 2019","212.00","218.47","218.47","210.51","44.52M","-2.48%"
"Jul 25, 2019","219.00","208.00","228.94","206.00","168.79M","3.30%"
"Jul 26, 2019","234.23","217.00","236.00","217.00","181.11M","6.95%"
"Jul 29, 2019","236.73","234.12","238.70","231.83","50.48M","1.07%"
"Jul 30, 2019","237.10","236.10","237.13","232.37","44.06M","0.16%"
"Jul 31, 2019","236.90","237.41","239.64","234.44","45.44M","-0.08%"
"Aug 01, 2019","234.28","234.54","237.34","233.29","31.28M","-1.11%"
"Aug 02, 2019","227.91","231.10","233.17","227.91","59.30M","-2.72%"
"Aug 05, 2019","223.61","226.00","228.00","222.30","53.37M","-1.89%"
"Aug 06, 2019","226.76","223.62","227.78","223.62","30.46M","1.41%"
"Aug 07, 2019","227.67","226.90","232.67","225.50","49.73M","0.40%"
"Aug 08, 2019","231.21","230.51","233.54","230.43","29.63M","1.55%"
"Aug 09, 2019","229.96","231.45","232.26","228.91","18.56M","-0.54%"
"Aug 12, 2019","230.24","231.06","232.97","229.29","15.93M","0.12%"
"Aug 13, 2019","229.87","229.88","232.16","226.46","35.15M","-0.16%"
"Aug 14, 2019","227.10","231.10","231.19","224.58","35.84M","-1.21%"
"Aug 15, 2019","227.15","227.69","229.70","224.89","32.30M","0.02%"
"Aug 16, 2019","224.71","228.48","229.38","224.08","25.16M","-1.07%"
"Aug 19, 2019","226.80","225.99","227.20","223.65","19.13M","0.93%"
"Aug 20, 2019","231.54","226.58","232.32","226.15","34.64M","2.09%"
"Aug 21, 2019","231.22","231.80","232.32","230.50","20.50M","-0.14%"
"Aug 22, 2019","232.06","230.90","233.98","230.21","26.49M","0.36%"
"Aug 23, 2019","229.35","232.70","233.04","228.93","29.02M","-1.17%"
"Aug 26, 2019","228.90","228.88","230.60","228.05","11.24M","-0.20%"
"Aug 27, 2019","227.00","228.92","229.28","223.00","55.77M","-0.83%"
"Aug 28, 2019","228.48","226.56","228.64","224.88","32.52M","0.65%"
"Aug 29, 2019","233.20","228.85","235.25","228.67","47.58M","2.07%"
"Aug 30, 2019","232.15","233.69","233.85","231.07","22.03M","-0.45%"
"Sep 02, 2019","233.67","231.75","234.22","230.50","19.26M","0.65%"
"Sep 03, 2019","231.02","233.40","233.60","229.96","20.66M","-1.13%"
"Sep 04, 2019","233.71","232.70","234.78","232.18","27.53M","1.16%"
"Sep 05, 2019","236.18","234.70","238.17","234.64","29.87M","1.06%"
"Sep 06, 2019","234.49","235.66","235.97","232.38","24.97M","-0.72%"
"Sep 09, 2019","234.85","235.00","235.62","233.00","16.64M","0.15%"
"Sep 10, 2019","233.00","234.32","235.10","232.02","24.06M","-0.79%"
"Sep 11, 2019","235.07","233.03","235.38","232.20","27.12M","0.89%"
"Sep 12, 2019","232.88","234.30","235.28","231.51","29.00M","-0.93%"
"Sep 13, 2019","232.50","232.51","233.41","230.80","17.97M","-0.16%"
"Sep 16, 2019","234.88","233.98","234.88","232.57","29.14M","1.02%"
"Sep 17, 2019","233.58","234.53","235.17","232.36","28.34M","-0.55%"
"Sep 18, 2019","233.46","233.00","233.96","232.30","12.28M","-0.05%"
"Sep 19, 2019","230.52","233.11","233.28","230.06","31.66M","-1.26%"
"Sep 20, 2019","230.41","230.75","231.00","228.50","34.65M","-0.05%"
"Sep 23, 2019","230.36","230.50","231.25","228.87","16.89M","-0.02%"
"Sep 24, 2019","227.70","230.36","230.68","227.19","22.37M","-1.15%"
"Sep 25, 2019","228.43","227.04","228.70","225.76","22.05M","0.32%"
"Sep 26, 2019","231.97","228.74","233.70","228.31","40.42M","1.55%"
"Sep 27, 2019","229.01","231.92","232.14","229.01","13.57M","-1.28%"
"Sep 30, 2019","225.90","229.05","229.46","225.90","26.48M","-1.36%"
"Oct 01, 2019","226.49","226.00","227.70","225.17","16.75M","0.26%"
"Oct 02, 2019","223.60","226.16","226.65","223.25","31.88M","-1.28%"
"Oct 03, 2019","223.10","223.50","224.89","220.79","29.98M","-0.22%"
"Oct 04, 2019","221.66","224.30","224.65","221.24","22.03M","-0.65%"
"Oct 07, 2019","226.36","221.90","226.81","220.68","22.39M","2.12%"
"Oct 08, 2019","223.20","226.53","227.70","222.71","22.26M","-1.40%"
"Oct 09, 2019","223.18","223.10","224.71","221.72","14.92M","-0.01%"
"Oct 10, 2019","224.50","223.00","224.93","222.27","14.67M","0.59%"
"Oct 11, 2019","227.37","225.00","227.50","224.82","18.39M","1.28%"
"Oct 14, 2019","226.00","227.37","228.61","225.50","14.70M","-0.60%"
"Oct 15, 2019","226.00","226.00","227.15","224.06","18.16M","0.00%"
"Oct 16, 2019","227.70","226.00","227.90","225.11","17.80M","0.75%"
"Oct 17, 2019","228.00","227.66","228.60","226.00","21.41M","0.13%"
"Oct 18, 2019","228.00","227.88","228.90","227.20","16.56M","0.00%"
"Oct 21, 2019","228.54","228.49","229.11","227.31","14.41M","0.24%"
"Oct 22, 2019","235.36","228.58","235.36","228.28","42.88M","2.98%"
"Oct 23, 2019","236.20","234.86","237.67","233.16","39.60M","0.36%"
"Oct 24, 2019","243.94","236.41","244.00","236.41","47.64M","3.28%"
"Oct 25, 2019","246.71","244.10","247.40","239.50","43.91M","1.14%"
"Oct 28, 2019","244.40","247.30","249.96","242.70","34.94M","-0.94%"
"Oct 29, 2019","253.10","244.03","253.69","241.40","70.83M","3.56%"
"Oct 30, 2019","261.60","252.90","265.26","252.01","97.83M","3.36%"
"Oct 31, 2019","260.00","262.25","267.40","257.00","89.68M","-0.61%"
"Nov 01, 2019","263.79","260.10","264.28","256.35","51.03M","1.46%"
"Nov 05, 2019","263.00","266.00","267.53","261.31","36.85M","-0.30%"
"Nov 06, 2019","266.98","263.14","266.98","258.91","37.70M","1.51%"
"Nov 07, 2019","270.74","266.01","272.68","264.66","56.18M","1.41%"
"Nov 08, 2019","266.00","269.92","270.20","264.45","33.45M","-1.75%"
"Nov 11, 2019","260.40","265.00","265.45","259.80","42.79M","-2.11%"
"Nov 12, 2019","257.25","260.81","264.57","256.13","61.52M","-1.21%"
"Nov 13, 2019","251.80","256.11","257.19","250.79","87.80M","-2.12%"
"Nov 14, 2019","248.34","252.56","253.46","244.80","127.69M","-1.37%"
"Nov 15, 2019","248.01","248.50","250.47","245.00","89.35M","-0.13%"
"Nov 18, 2019","246.15","250.00","250.40","245.62","52.85M","-0.75%"
"Nov 19, 2019","248.01","246.50","248.70","244.32","66.07M","0.76%"
"Nov 20, 2019","248.00","246.64","254.89","245.58","199.41M","-0.00%"
"Nov 21, 2019","254.35","252.00","259.80","250.01","222.76M","2.56%"
"Nov 22, 2019","251.99","253.10","257.72","250.13","92.53M","-0.93%"
"Nov 25, 2019","255.20","252.12","256.17","251.46","47.77M","1.27%"
"Nov 26, 2019","254.00","255.53","257.41","252.01","70.14M","-0.47%"
"Nov 27, 2019","253.89","253.80","255.85","252.25","37.68M","-0.04%"
"Nov 28, 2019","254.00","253.46","254.43","251.35","29.78M","0.04%"
"Nov 29, 2019","257.54","253.89","257.54","251.86","53.29M","1.39%"
"Dec 02, 2019","254.05","258.45","263.40","254.05","70.27M","-1.36%"
"Dec 03, 2019","247.93","253.20","254.14","247.09","75.45M","-2.41%"
"Dec 04, 2019","248.93","248.50","251.96","246.40","59.29M","0.40%"
"Dec 05, 2019","246.36","249.50","250.30","244.77","61.69M","-1.03%"
"Dec 06, 2019","247.83","246.50","248.25","245.39","44.85M","0.60%"
"Dec 09, 2019","248.70","247.90","250.22","247.40","32.40M","0.35%"
"Dec 10, 2019","246.90","248.99","250.15","246.50","34.82M","-0.72%"
"Dec 11, 2019","247.34","246.84","248.69","246.84","31.26M","0.18%"
"Dec 12, 2019","250.48","247.64","254.66","247.35","78.73M","1.27%"
"Dec 13, 2019","249.50","251.11","252.48","248.80","41.80M","-0.39%"
"Dec 16, 2019","250.78","249.60","252.22","249.20","29.62M","0.51%"
"Dec 17, 2019","252.05","251.23","252.86","250.80","31.64M","0.51%"
"Dec 18, 2019","251.29","252.00","252.71","250.85","29.21M","-0.30%"
"Dec 19, 2019","251.40","250.96","252.30","249.40","37.39M","0.04%"
"Dec 20, 2019","255.50","252.75","256.58","252.22","60.31M","1.63%"
"Dec 23, 2019","255.00","251.50","255.20","251.11","38.33M","-0.20%"
"Dec 24, 2019","254.87","255.61","257.71","254.26","22.78M","-0.05%"
"Dec 25, 2019","253.25","255.00","255.49","253.02","12.31M","-0.64%"
"Dec 26, 2019","254.10","253.31","254.24","252.50","10.88M","0.34%"
"Dec 27, 2019","257.11","254.31","257.49","254.00","24.23M","1.18%"
"Dec 30, 2019","256.40","257.10","258.30","254.71","23.50M","-0.28%"
"Jan 03, 2020","259.00","259.18","261.90","257.77","34.48M","1.01%"
"Jan 06, 2020","256.55","259.00","259.00","254.80","28.15M","-0.95%"
"Jan 08, 2020","255.79","256.25","257.32","254.77","25.61M","-0.30%"
"Jan 09, 2020","254.07","255.69","256.68","251.82","33.22M","-0.67%"
"Jan 10, 2020","251.90","254.00","254.60","251.20","28.57M","-0.85%"
"Jan 13, 2020","251.50","252.50","252.50","248.40","41.35M","-0.16%"
"Jan 14, 2020","250.00","252.00","253.20","249.00","32.94M","-0.60%"
"Jan 15, 2020","251.30","249.50","252.50","247.75","43.98M","0.52%"
"Jan 16, 2020","254.26","251.90","254.54","251.50","38.44M","1.18%"
"Jan 17, 2020","255.39","254.75","256.60","253.80","42.16M","0.44%"
"Jan 20, 2020","253.50","255.66","256.10","253.01","29.97M","-0.74%"
"Jan 21, 2020","252.99","253.25","253.40","250.88","27.03M","-0.20%"
"Jan 22, 2020","248.10","252.81","253.39","248.10","38.89M","-1.93%"
"Jan 23, 2020","239.30","246.71","247.66","239.01","73.88M","-3.55%"
"Jan 24, 2020","237.95","240.12","243.25","235.28","69.05M","-0.56%"
"Jan 27, 2020","230.96","235.00","235.40","229.65","105.33M","-2.94%"
"Jan 28, 2020","235.00","232.60","237.59","229.00","85.54M","1.75%"
"Jan 29, 2020","232.00","236.95","237.36","231.30","52.81M","-1.28%"
"Jan 30, 2020","231.53","230.71","232.49","229.45","41.54M","-0.20%"
"Jan 31, 2020","226.70","232.53","233.79","226.57","70.29M","-2.09%"
"Feb 03, 2020","227.64","223.80","229.98","223.80","54.24M","0.41%"
"Feb 04, 2020","230.50","228.49","231.08","226.65","45.44M","1.26%"
"Feb 05, 2020","232.56","230.89","235.73","228.80","62.00M","0.89%"
"Feb 06, 2020","231.38","234.00","236.00","230.15","42.62M","-0.51%"
"Feb 07, 2020","229.11","232.38","233.39","227.14","49.94M","-0.98%"
"Feb 10, 2020","225.20","228.50","229.75","224.41","50.88M","-1.71%"
"Feb 11, 2020","233.90","226.55","236.18","226.01","95.63M","3.86%"
"Feb 12, 2020","238.03","235.30","239.80","234.56","83.20M","1.77%"
"Feb 13, 2020","233.55","236.90","237.98","233.55","42.02M","-1.88%"
"Feb 14, 2020","232.50","233.79","235.40","230.91","34.35M","-0.45%"
"Feb 17, 2020","233.75","233.50","234.56","231.91","20.56M","0.54%"
"Feb 18, 2020","230.50","233.00","233.28","229.80","30.86M","-1.39%"
"Feb 19, 2020","231.90","231.81","233.50","230.71","24.43M","0.61%"
"Feb 20, 2020","234.60","232.51","235.75","232.00","33.58M","1.16%"
"Feb 21, 2020","232.00","233.05","233.77","231.61","29.66M","-1.11%"
"Feb 25, 2020","224.68","228.00","230.06","224.68","52.76M","-3.16%"
"Feb 26, 2020","224.76","223.32","225.47","220.81","63.75M","0.04%"
"Feb 27, 2020","217.50","220.99","223.40","216.80","83.03M","-3.23%"
"Feb 28, 2020","202.65","210.00","211.97","200.57","169.60M","-6.83%"
"Mar 02, 2020","198.78","208.00","211.99","195.51","151.65M","-1.91%"
"Mar 03, 2020","201.48","204.96","205.27","198.00","104.45M","1.36%"
"Mar 04, 2020","200.00","199.95","204.42","198.28","78.74M","-0.73%"
"Mar 05, 2020","198.00","203.00","203.43","197.50","65.97M","-1.00%"
"Mar 06, 2020","188.27","193.50","194.23","185.13","131.69M","-4.91%"
"Mar 10, 2020","171.00","169.45","185.84","161.01","205.23M","-9.17%"
"Mar 11, 2020","172.03","174.00","175.87","167.39","108.63M","0.60%"
"Mar 12, 2020","163.73","163.00","167.80","161.20","151.37M","-4.82%"
"Mar 13, 2020","166.10","164.00","175.69","164.00","143.37M","1.45%"
"Mar 16, 2020","168.07","163.00","169.99","158.17","116.00M","1.19%"
"Mar 17, 2020","167.00","169.00","175.50","164.56","108.15M","-0.64%"
"Mar 18, 2020","166.34","164.90","170.45","162.00","106.17M","-0.40%"
"Mar 19, 2020","174.56","168.58","175.20","164.05","122.16M","4.94%"
"Mar 20, 2020","176.26","180.00","184.69","176.10","139.85M","0.97%"
"Mar 23, 2020","168.35","171.00","172.28","168.04","109.20M","-4.49%"
"Mar 24, 2020","177.95","174.39","179.99","172.61","89.48M","5.70%"
"Mar 25, 2020","180.20","183.00","186.90","175.26","114.69M","1.26%"
"Mar 26, 2020","181.50","179.45","184.90","177.28","54.02M","0.72%"
"Mar 27, 2020","174.50","181.24","181.37","172.00","55.62M","-3.86%"
"Mar 30, 2020","176.44","171.99","177.63","170.50","47.98M","1.11%"
"Mar 31, 2020","181.41","178.50","184.64","178.01","69.82M","2.82%"
"Apr 01, 2020","180.06","178.03","181.38","177.50","40.44M","-0.74%"
"Apr 02, 2020","187.04","183.80","190.00","180.25","87.83M","3.88%"
"Apr 03, 2020","189.77","187.01","193.85","185.72","92.36M","1.46%"
"Apr 06, 2020","191.10","192.24","193.44","189.44","62.93M","0.70%"
"Apr 07, 2020","191.22","192.90","195.13","189.80","67.00M","0.06%"
"Apr 08, 2020","194.11","189.70","194.11","188.10","49.27M","1.51%"
"Apr 09, 2020","193.86","195.69","196.26","189.88","84.34M","-0.13%"
"Apr 10, 2020","192.00","191.89","192.44","190.51","17.05M","-0.96%"
"Apr 13, 2020","188.07","192.26","192.36","186.07","28.55M","-2.05%"
"Apr 14, 2020","190.11","189.73","191.76","188.30","50.62M","1.08%"
"Apr 15, 2020","184.25","189.15","189.48","182.56","53.71M","-3.08%"
"Apr 16, 2020","184.30","185.15","189.16","182.75","56.39M","0.03%"
"Apr 17, 2020","184.68","187.06","187.87","183.54","38.78M","0.21%"
"Apr 20, 2020","185.51","184.12","186.25","183.00","34.29M","0.45%"
"Apr 21, 2020","181.92","183.15","184.50","179.05","66.95M","-1.94%"
"Apr 22, 2020","188.36","181.08","188.55","180.33","48.27M","3.54%"
"Apr 23, 2020","188.73","189.98","191.59","187.50","39.98M","0.20%"
"Apr 24, 2020","185.71","187.95","187.95","185.10","36.74M","-1.60%"
"Apr 27, 2020","186.29","186.53","188.47","185.69","23.62M","0.31%"
"Apr 28, 2020","188.50","185.93","190.65","185.76","44.19M","1.19%"
"Apr 29, 2020","193.87","189.90","195.23","188.53","56.26M","2.85%"
"Apr 30, 2020","190.00","195.44","196.20","189.62","72.12M","-2.00%"
"May 04, 2020","185.70","188.00","188.17","184.52","42.98M","-2.26%"
"May 05, 2020","190.00","188.39","190.39","187.30","39.66M","2.32%"
"May 06, 2020","187.05","190.53","191.05","187.05","46.40M","-1.55%"
"May 07, 2020","185.85","187.50","190.30","185.50","67.28M","-0.64%"
"May 08, 2020","185.34","186.33","186.64","183.10","61.00M","-0.27%"
"May 12, 2020","186.17","184.89","187.20","183.20","49.98M","0.45%"
"May 13, 2020","184.20","185.55","185.55","183.80","33.28M","-1.06%"
"May 14, 2020","183.91","183.23","184.85","181.68","49.41M","-0.16%"
"May 15, 2020","183.85","185.61","186.98","183.85","47.92M","-0.03%"
"May 18, 2020","192.50","185.50","192.50","185.14","60.17M","4.70%"
"May 19, 2020","194.20","193.00","194.39","191.10","60.40M","0.88%"
"May 20, 2020","196.74","193.57","197.27","192.79","73.86M","1.31%"
"May 21, 2020","194.74","196.05","199.26","191.40","90.17M","-1.02%"
"May 22, 2020","194.35","194.00","195.76","192.21","42.41M","-0.20%"
"May 25, 2020","197.55","195.10","197.55","195.10","20.06M","1.65%"
"May 26, 2020","196.86","198.95","202.30","196.30","66.18M","-0.35%"
"May 27, 2020","194.73","196.05","197.75","193.15","55.32M","-1.08%"
"May 28, 2020","196.86","194.36","196.98","194.17","39.98M","1.09%"
"May 29, 2020","199.95","196.25","199.95","193.20","172.68M","1.57%"
"Jun 01, 2020","198.72","200.25","202.47","197.15","54.26M","-0.62%"
"Jun 02, 2020","201.97","199.44","202.19","198.72","45.34M","1.64%"
"Jun 03, 2020","208.00","203.07","208.15","202.01","65.27M","2.99%"
"Jun 04, 2020","201.46","207.99","207.99","200.60","72.25M","-3.14%"
"Jun 05, 2020","203.05","202.69","204.84","201.51","44.84M","0.79%"
"Jun 08, 2020","204.91","204.98","206.50","202.97","40.15M","0.92%"
"Jun 09, 2020","204.84","205.44","206.10","201.57","35.38M","-0.03%"
"Jun 10, 2020","201.75","204.84","205.27","200.53","41.52M","-1.51%"
"Jun 11, 2020","196.74","200.20","200.20","195.15","48.98M","-2.48%"
"Jun 15, 2020","194.20","193.86","196.15","191.00","54.40M","-1.29%"
"Jun 16, 2020","196.59","196.00","199.59","195.20","43.44M","1.23%"
"Jun 17, 2020","195.86","197.98","199.08","195.21","34.50M","-0.37%"
"Jun 18, 2020","193.00","195.45","195.57","191.85","45.81M","-1.46%"
"Jun 19, 2020","195.81","194.17","196.07","193.82","45.22M","1.46%"
"Jun 22, 2020","194.30","195.35","195.35","192.62","36.80M","-0.77%"
"Jun 23, 2020","194.83","194.80","196.32","194.00","33.83M","0.27%"
"Jun 25, 2020","192.25","191.72","192.48","190.55","49.04M","-1.32%"
"Jun 26, 2020","193.00","192.83","195.69","190.51","60.45M","0.39%"
"Jun 29, 2020","197.94","192.64","198.10","192.58","45.84M","2.56%"
"Jun 30, 2020","194.31","197.90","198.48","193.24","52.32M","-1.83%"
"Jul 02, 2020","195.28","195.39","195.84","194.40","34.18M","0.50%"
"Jul 03, 2020","197.20","195.64","197.48","194.77","26.44M","0.98%"
"Jul 06, 2020","199.99","199.21","201.75","198.53","46.53M","1.41%"
"Jul 07, 2020","197.96","199.70","199.94","197.75","35.19M","-1.02%"
"Jul 08, 2020","201.17","197.98","201.19","197.55","30.74M","1.62%"
"Jul 09, 2020","199.44","201.48","202.00","198.40","40.53M","-0.86%"
"Jul 10, 2020","200.94","198.22","201.70","197.22","39.06M","0.75%"
"Jul 13, 2020","195.70","201.60","202.33","195.50","63.04M","-2.61%"
"Jul 14, 2020","193.60","195.02","196.65","192.48","83.20M","-1.07%"
"Jul 15, 2020","182.26","180.60","184.27","179.80","73.99M","-5.86%"
"Jul 16, 2020","183.32","181.06","183.80","181.06","29.45M","0.58%"
"Jul 17, 2020","184.65","183.80","184.93","182.87","25.49M","0.73%"
"Jul 20, 2020","188.36","184.68","188.41","183.88","30.03M","2.01%"
"Jul 21, 2020","186.78","189.00","189.77","186.25","44.43M","-0.84%"
"Jul 22, 2020","187.15","187.03","188.59","186.07","22.77M","0.20%"
"Jul 23, 2020","184.69","187.50","188.30","184.40","29.81M","-1.31%"
"Jul 24, 2020","185.45","184.86","186.45","184.12","30.44M","0.41%"
"Jul 27, 2020","185.03","185.52","185.92","184.20","22.79M","-0.23%"
"Jul 28, 2020","184.30","185.10","185.46","183.60","26.64M","-0.39%"
"Jul 29, 2020","184.69","184.50","185.35","183.42","27.91M","0.21%"
"Jul 30, 2020","182.52","184.44","184.73","180.91","34.05M","-1.17%"
"Jul 31, 2020","182.59","182.60","184.84","181.61","44.97M","0.04%"
"Aug 03, 2020","183.60","182.50","184.03","181.72","28.66M","0.55%"
"Aug 04, 2020","183.31","184.05","184.68","182.17","32.45M","-0.16%"
"Aug 05, 2020","189.15","183.58","189.98","183.35","75.45M","3.19%"
"Aug 06, 2020","189.07","189.58","189.92","187.13","42.87M","-0.04%"
"Aug 07, 2020","187.23","188.45","188.57","185.81","28.84M","-0.97%"
"Aug 10, 2020","187.70","187.49","188.85","186.83","24.24M","0.25%"
"Aug 11, 2020","189.70","187.88","192.40","187.88","51.93M","1.07%"
"Aug 12, 2020","192.80","190.50","193.29","189.32","35.62M","1.63%"
"Aug 13, 2020","193.76","192.51","194.44","191.25","37.89M","0.50%"
"Aug 14, 2020","192.83","194.27","194.27","190.71","29.79M","-0.48%"
"Aug 17, 2020","190.47","193.83","194.68","189.20","55.76M","-1.22%"
"Aug 18, 2020","190.30","190.07","191.95","189.25","27.79M","-0.09%"
"Aug 19, 2020","189.26","190.48","191.99","189.00","31.49M","-0.55%"
"Aug 20, 2020","186.95","188.78","188.94","185.58","37.70M","-1.22%"
"Aug 21, 2020","184.51","187.25","187.79","183.50","33.85M","-1.31%"
"Aug 24, 2020","187.10","185.40","187.44","184.84","24.30M","1.40%"
"Aug 25, 2020","186.25","187.45","187.99","184.73","19.56M","-0.45%"
"Aug 26, 2020","187.48","186.22","188.00","185.00","25.46M","0.66%"
"Aug 27, 2020","184.58","187.50","188.01","182.62","38.19M","-1.55%"
"Aug 28, 2020","182.90","184.95","185.22","182.48","34.31M","-0.91%"
"Aug 31, 2020","181.01","183.11","184.28","180.51","47.47M","-1.03%"
"Sep 01, 2020","184.22","181.40","184.87","181.01","48.04M","1.77%"
"Sep 02, 2020","181.95","184.80","186.29","181.10","50.33M","-1.23%"
"Sep 03, 2020","179.13","182.48","182.59","178.60","62.96M","-1.55%"
"Sep 04, 2020","179.55","178.98","180.56","178.00","43.04M","0.23%"
"Sep 07, 2020","177.04","178.63","179.75","175.94","39.00M","-1.40%"
"Sep 08, 2020","172.95","176.99","177.43","172.40","63.85M","-2.31%"
"Sep 09, 2020","173.69","172.72","175.35","172.33","41.98M","0.43%"
"Sep 10, 2020","173.80","173.90","174.64","171.11","34.02M","0.06%"
"Sep 11, 2020","178.05","174.43","178.27","173.10","36.95M","2.45%"
"Sep 14, 2020","178.19","178.44","180.80","177.52","37.72M","0.08%"
"Sep 15, 2020","182.22","178.03","182.95","178.01","42.49M","2.26%"
"Sep 16, 2020","183.26","182.67","184.16","181.35","37.43M","0.57%"
"Sep 17, 2020","183.90","181.80","184.84","180.34","49.88M","0.35%"
"Sep 18, 2020","181.52","184.40","184.70","181.34","45.24M","-1.29%"
"Sep 21, 2020","177.17","181.37","181.37","175.36","41.36M","-2.40%"
"Sep 22, 2020","179.00","176.51","180.90","176.42","36.41M","1.03%"
"Sep 23, 2020","177.00","179.82","180.37","176.81","31.92M","-1.12%"
"Sep 24, 2020","174.23","176.00","178.49","171.90","49.89M","-1.56%"
"Sep 25, 2020","173.77","175.10","175.17","169.60","96.33M","-0.26%"
"Sep 28, 2020","172.74","174.20","175.38","171.29","50.55M","-0.59%"
"Sep 29, 2020","171.44","172.75","173.47","170.00","48.79M","-0.75%"
"Sep 30, 2020","169.97","171.04","171.98","169.80","48.63M","-0.86%"
"Oct 01, 2020","168.40","171.16","171.40","167.97","60.36M","-0.92%"
"Oct 02, 2020","169.47","167.38","169.95","167.22","40.35M","0.64%"
"Oct 05, 2020","170.64","170.11","170.88","168.58","37.44M","0.69%"
"Oct 06, 2020","171.35","170.70","173.41","170.50","64.13M","0.42%"
"Oct 07, 2020","168.23","171.75","172.26","167.04","65.84M","-1.82%"
"Oct 08, 2020","167.43","168.19","168.86","166.15","36.67M","-0.48%"
"Oct 09, 2020","166.97","167.80","168.19","165.77","41.54M","-0.27%"
"Oct 12, 2020","169.05","167.50","169.80","166.87","38.97M","1.25%"
"Oct 13, 2020","166.37","169.13","169.47","165.82","34.70M","-1.59%"
"Oct 14, 2020","167.24","166.68","167.63","165.71","26.69M","0.52%"
"Oct 15, 2020","167.16","166.87","168.85","166.00","39.90M","-0.05%"
"Oct 16, 2020","163.98","167.24","167.25","163.56","50.42M","-1.90%"
"Oct 19, 2020","163.60","165.00","165.60","163.00","34.06M","-0.23%"
"Oct 20, 2020","166.53","163.74","167.12","162.80","50.48M","1.79%"
"Oct 21, 2020","164.37","166.80","167.30","163.87","36.69M","-1.30%"
"Oct 22, 2020","165.27","163.87","166.53","163.66","39.97M","0.55%"
"Oct 23, 2020","164.96","165.15","165.88","164.39","32.93M","-0.19%"
"Oct 26, 2020","162.17","164.44","164.96","161.10","53.50M","-1.69%"
"Oct 27, 2020","159.21","162.11","162.62","158.21","58.29M","-1.83%"
"Oct 28, 2020","154.30","158.98","158.99","153.70","86.90M","-3.08%"
"Oct 29, 2020","156.74","155.01","157.30","154.20","52.78M","1.58%"
"Oct 30, 2020","154.28","155.00","156.20","154.08","42.72M","-1.57%"
"Nov 02, 2020","157.74","153.98","157.98","151.90","69.73M","2.24%"
"Nov 03, 2020","161.09","158.21","161.92","157.44","71.12M","2.12%"
"Nov 05, 2020","163.70","163.80","165.25","161.99","73.28M","1.62%"
"Nov 06, 2020","164.92","163.00","165.84","161.52","51.68M","0.75%"
"Nov 09, 2020","170.13","166.72","171.50","164.90","103.45M","3.16%"
"Nov 10, 2020","172.92","169.03","173.64","167.63","76.69M","1.64%"
"Nov 11, 2020","170.53","173.50","175.15","170.26","72.04M","-1.38%"
"Nov 12, 2020","172.91","170.00","175.30","169.75","72.00M","1.40%"
"Nov 13, 2020","180.30","172.90","181.27","172.42","104.62M","4.27%"
"Nov 16, 2020","185.32","181.01","185.62","180.30","89.65M","2.78%"
"Nov 17, 2020","182.90","185.05","185.31","178.83","99.35M","-1.31%"
"Nov 18, 2020","185.00","182.20","187.69","180.80","69.13M","1.15%"
"Nov 19, 2020","184.16","185.20","185.88","181.92","53.23M","-0.45%"
"Nov 20, 2020","183.21","184.10","184.36","182.10","31.88M","-0.52%"
"Nov 23, 2020","184.15","183.62","185.63","182.77","41.08M","0.51%"
"Nov 24, 2020","186.76","185.09","187.30","183.97","60.74M","1.42%"
"Nov 25, 2020","188.03","187.00","188.76","185.85","51.15M","0.68%"
"Nov 26, 2020","185.52","188.24","189.10","184.60","45.76M","-1.33%"
"Nov 27, 2020","185.90","185.04","186.75","182.56","50.01M","0.20%"
"Nov 30, 2020","181.89","185.13","185.14","180.04","73.30M","-2.16%"
"Dec 01, 2020","185.34","182.60","188.09","181.78","67.29M","1.90%"
"Dec 02, 2020","187.22","185.00","187.24","183.12","40.25M","1.01%"
"Dec 03, 2020","185.12","186.99","187.58","184.37","35.90M","-1.12%"
"Dec 04, 2020","188.79","186.21","189.42","185.85","50.72M","1.98%"
"Dec 07, 2020","190.76","188.22","192.85","187.80","53.54M","1.04%"
"Dec 08, 2020","190.00","190.35","191.45","187.80","48.45M","-0.40%"
"Dec 09, 2020","189.35","190.30","193.09","189.05","52.70M","-0.34%"
"Dec 10, 2020","192.95","189.55","193.51","188.67","54.37M","1.90%"
"Dec 11, 2020","201.50","193.01","201.63","192.31","103.07M","4.43%"
"Dec 14, 2020","199.91","203.50","207.85","198.78","123.35M","-0.79%"
"Dec 15, 2020","201.00","199.01","202.29","197.05","65.57M","0.55%"
"Dec 16, 2020","206.20","201.00","206.20","199.54","75.25M","2.59%"
"Dec 17, 2020","214.52","206.69","215.38","206.51","159.63M","4.03%"
"Dec 18, 2020","212.69","214.00","214.50","207.22","133.80M","-0.85%"
"Dec 21, 2020","203.46","209.97","209.99","200.80","123.67M","-4.34%"
"Dec 22, 2020","208.40","200.70","210.68","199.19","109.99M","2.43%"
"Dec 23, 2020","207.63","209.00","212.78","206.20","78.92M","-0.37%"
"Dec 24, 2020","206.24","208.52","209.96","203.15","59.17M","-0.67%"
"Dec 25, 2020","205.03","206.20","206.73","204.01","16.53M","-0.59%"
"Dec 28, 2020","206.11","205.53","207.86","205.15","35.06M","0.53%"
"Dec 29, 2020","208.75","206.98","210.00","206.61","42.37M","1.28%"
"Dec 30, 2020","212.98","209.88","213.38","209.50","74.74M","2.03%"
"Jan 04, 2021","212.71","212.71","216.63","211.64","55.46M","-0.13%"
"Jan 05, 2021","215.32","213.20","215.38","210.22","48.94M","1.23%"
"Jan 06, 2021","214.38","215.50","216.80","213.07","47.95M","-0.44%"
"Jan 08, 2021","225.49","217.12","226.24","217.00","101.04M","5.18%"
"Jan 11, 2021","227.60","225.17","231.00","221.81","112.71M","0.94%"
"Jan 12, 2021","228.69","229.00","231.44","225.66","64.40M","0.48%"
"Jan 13, 2021","226.80","229.29","230.35","225.20","61.14M","-0.83%"
"Jan 14, 2021","228.86","226.15","229.57","223.20","60.22M","0.91%"
"Jan 15, 2021","226.50","227.50","230.70","226.00","54.81M","-1.03%"
"Jan 18, 2021","226.88","225.55","228.50","221.34","69.18M","0.17%"
"Jan 19, 2021","223.15","227.65","228.85","223.00","66.68M","-1.64%"
"Jan 20, 2021","224.30","223.00","225.78","221.55","51.39M","0.52%"
"Jan 21, 2021","217.28","224.38","224.96","217.22","76.73M","-3.13%"
"Jan 22, 2021","215.49","216.50","216.50","210.50","94.81M","-0.82%"
"Jan 25, 2021","218.68","216.90","219.66","214.53","74.57M","1.48%"
"Jan 26, 2021","218.80","216.52","220.29","215.71","45.21M","0.05%"
"Jan 27, 2021","217.40","219.49","222.00","216.44","59.30M","-0.64%"
"Jan 28, 2021","217.70","215.99","219.49","214.26","52.43M","0.14%"
"Jan 29, 2021","212.83","216.70","216.75","212.47","66.78M","-2.24%"
"Feb 01, 2021","214.66","214.70","214.87","212.24","39.37M","0.86%"
"Feb 02, 2021","214.42","215.60","219.74","213.25","78.07M","-0.11%"
"Feb 03, 2021","218.10","215.42","218.42","213.79","46.03M","1.72%"
"Feb 04, 2021","219.79","218.70","221.40","216.88","47.94M","0.77%"
"Feb 05, 2021","222.01","220.68","222.21","219.00","42.22M","1.01%"
"Feb 08, 2021","228.00","223.04","228.00","223.00","67.21M","2.70%"
"Feb 09, 2021","227.73","229.00","229.49","225.80","60.64M","-0.12%"
"Feb 10, 2021","223.24","227.98","228.29","221.80","41.90M","-1.97%"
"Feb 11, 2021","221.35","223.49","223.67","220.73","34.55M","-0.85%"
"Feb 12, 2021","226.71","220.60","227.47","216.77","69.25M","2.42%"
"Feb 15, 2021","229.22","228.49","230.00","226.70","59.95M","1.11%"
"Feb 16, 2021","232.46","230.00","233.22","227.57","86.02M","1.41%"
"Feb 17, 2021","229.14","232.32","233.35","225.33","64.55M","-1.43%"
"Feb 18, 2021","224.47","229.00","229.00","224.01","43.79M","-2.04%"
"Feb 19, 2021","226.00","224.01","226.26","221.10","44.90M","0.68%"
"Feb 20, 2021","225.84","226.40","227.10","225.00","6.06M","-0.07%"
"Feb 22, 2021","225.63","226.46","227.30","223.04","31.46M","-0.09%"
"Feb 24, 2021","222.55","224.42","225.64","220.85","40.87M","-1.37%"
"Feb 25, 2021","221.70","223.47","225.50","221.22","42.75M","-0.38%"
"Feb 26, 2021","217.56","220.56","221.68","217.20","63.84M","-1.87%"
"Mar 01, 2021","221.47","219.33","222.01","218.25","28.41M","1.80%"
"Mar 02, 2021","222.74","220.00","224.11","219.76","34.20M","0.57%"
"Mar 03, 2021","222.15","224.20","226.79","221.70","33.27M","-0.26%"
"Mar 04, 2021","221.14","221.90","226.69","219.50","46.45M","-0.45%"
"Mar 05, 2021","227.00","222.01","228.42","220.02","55.80M","2.65%"
"Mar 09, 2021","232.10","227.50","233.07","226.05","73.81M","2.25%"
"Mar 10, 2021","231.69","231.87","235.50","230.66","55.39M","-0.18%"
"Mar 11, 2021","232.47","232.89","233.53","230.07","32.16M","0.34%"
"Mar 12, 2021","233.80","232.00","234.39","230.60","28.84M","0.57%"
"Mar 15, 2021","237.79","234.98","238.09","234.46","46.19M","1.71%"
"Mar 16, 2021","234.02","237.30","238.23","233.80","38.09M","-1.59%"
"Mar 17, 2021","229.90","233.85","234.56","227.21","62.11M","-1.76%"
"Mar 18, 2021","224.35","230.00","231.79","223.70","67.61M","-2.41%"
"Mar 19, 2021","225.40","222.75","226.64","222.37","58.81M","0.47%"
"Mar 22, 2021","221.88","225.14","225.34","220.79","58.50M","-1.56%"
"Mar 23, 2021","221.62","221.20","224.44","219.81","43.13M","-0.12%"
"Mar 24, 2021","223.65","222.35","225.45","220.53","36.72M","0.92%"
"Mar 25, 2021","224.84","224.20","225.38","222.70","29.77M","0.53%"
"Mar 26, 2021","227.30","225.70","227.60","225.13","26.77M","1.09%"
"Mar 29, 2021","228.74","226.79","229.15","226.31","23.77M","0.63%"
"Mar 30, 2021","225.93","228.95","230.10","225.04","26.82M","-1.23%"
"Mar 31, 2021","227.24","226.40","228.40","223.32","38.85M","0.58%"
"Apr 01, 2021","226.94","228.40","231.67","225.75","43.83M","-0.13%"
"Apr 02, 2021","228.40","227.00","229.20","226.54","12.64M","0.64%"
"Apr 05, 2021","225.06","227.92","227.92","224.13","23.96M","-1.46%"
"Apr 06, 2021","222.95","226.00","226.55","221.91","36.30M","-0.94%"
"Apr 07, 2021","224.51","222.31","226.01","220.68","29.51M","0.70%"
"Apr 08, 2021","224.30","224.84","226.30","222.88","19.42M","-0.09%"
"Apr 09, 2021","222.15","224.20","224.30","221.48","20.92M","-0.96%"
"Apr 12, 2021","222.87","220.98","224.25","219.60","29.32M","0.32%"
"Apr 13, 2021","227.99","223.00","228.33","221.10","39.10M","2.30%"
"Apr 14, 2021","235.32","230.58","236.58","229.31","92.45M","3.22%"
"Apr 15, 2021","234.63","230.10","236.39","228.23","63.09M","-0.29%"
"Apr 16, 2021","235.10","235.49","237.45","232.70","46.27M","0.20%"
"Apr 19, 2021","231.17","234.50","234.90","230.28","39.74M","-1.67%"
"Apr 20, 2021","230.00","231.56","233.17","229.00","43.94M","-0.51%"
"Apr 21, 2021","230.84","230.00","231.80","228.37","35.50M","0.37%"
"Apr 22, 2021","230.93","230.68","232.15","227.14","60.35M","0.04%"
"Apr 23, 2021","232.62","231.29","233.30","230.00","35.45M","0.73%"
"Apr 26, 2021","233.23","233.00","234.91","232.16","28.72M","0.26%"
"Apr 27, 2021","232.00","233.41","235.14","231.21","29.29M","-0.53%"
"Apr 28, 2021","232.96","232.55","233.24","230.20","37.52M","0.41%"
"Apr 29, 2021","230.51","234.07","236.18","229.00","55.65M","-1.05%"
"Apr 30, 2021","231.38","230.11","231.60","228.86","32.11M","0.38%"
"May 04, 2021","233.80","232.20","234.30","230.96","37.97M","1.05%"
"May 05, 2021","237.50","234.21","237.77","233.69","38.15M","1.58%"
"May 06, 2021","243.00","237.90","243.32","237.75","50.39M","2.32%"
"May 07, 2021","241.70","243.49","243.99","240.78","37.20M","-0.53%"
"May 10, 2021","241.41","242.35","244.30","240.52","32.42M","-0.12%"
"May 11, 2021","242.50","240.24","243.17","239.05","35.85M","0.45%"
"May 12, 2021","241.79","242.01","244.42","241.56","33.30M","-0.29%"
"May 13, 2021","247.16","242.30","247.29","242.05","64.22M","2.22%"
"May 14, 2021","249.55","248.00","250.40","247.53","50.36M","0.97%"
"May 17, 2021","255.15","250.00","255.25","249.45","41.13M","2.24%"
"May 18, 2021","266.22","256.10","268.38","254.54","86.43M","4.34%"
"May 19, 2021","260.90","263.90","264.50","256.00","93.58M","-2.00%"
"May 20, 2021","259.16","260.80","262.78","256.90","46.56M","-0.67%"
"May 21, 2021","258.00","260.04","260.70","257.12","29.12M","-0.45%"
"May 24, 2021","261.24","258.58","261.47","257.12","24.68M","1.26%"
"May 25, 2021","259.79","262.31","262.72","258.31","30.71M","-0.56%"
"May 26, 2021","263.09","260.52","263.33","260.01","34.68M","1.27%"
"May 27, 2021","262.96","261.98","263.75","261.22","57.62M","-0.05%"
"May 28, 2021","262.00","263.79","265.93","261.35","35.30M","-0.37%"
"May 31, 2021","261.03","261.00","261.60","259.30","21.50M","-0.37%"
"Jun 01, 2021","263.86","261.97","264.76","261.58","32.76M","1.08%"
"Jun 02, 2021","271.15","264.05","271.36","263.55","53.36M","2.76%"
"Jun 03, 2021","272.10","272.31","274.30","268.20","52.91M","0.35%"
"Jun 04, 2021","274.30","271.99","276.22","269.58","54.41M","0.81%"
"Jun 07, 2021","275.67","274.01","276.70","273.85","34.32M","0.50%"
"Jun 08, 2021","275.36","275.35","277.58","272.91","53.12M","-0.11%"
"Jun 09, 2021","275.65","275.98","276.39","273.76","28.27M","0.11%"
"Jun 10, 2021","276.10","275.49","277.77","274.32","37.26M","0.16%"
"Jun 11, 2021","277.05","276.58","278.00","274.85","26.62M","0.34%"
"Jun 14, 2021","279.50","277.56","280.45","277.22","28.19M","0.88%"
"Jun 15, 2021","272.72","279.92","280.14","272.63","52.23M","-2.43%"
"Jun 16, 2021","271.80","272.90","275.23","270.12","67.26M","-0.34%"
"Jun 17, 2021","272.50","270.90","273.89","269.10","43.67M","0.26%"
"Jun 18, 2021","270.06","271.54","273.18","268.65","52.73M","-0.90%"
"Jun 21, 2021","272.62","269.78","272.86","268.09","27.45M","0.95%"
"Jun 22, 2021","277.00","273.50","277.00","272.89","36.98M","1.61%"
"Jun 23, 2021","277.35","277.89","279.56","276.67","33.62M","0.13%"
"Jun 24, 2021","277.47","278.20","279.47","275.50","42.59M","0.04%"
"Jun 25, 2021","277.19","277.80","277.92","276.12","29.72M","-0.10%"
"Jun 28, 2021","276.99","277.22","279.61","276.43","28.10M","-0.07%"
"Jun 29, 2021","276.80","276.12","277.50","273.17","37.63M","-0.07%"
"Jun 30, 2021","281.80","277.27","281.82","276.50","60.40M","1.81%"
"Jul 01, 2021","285.74","281.85","286.25","281.85","50.12M","1.40%"
"Jul 02, 2021","285.65","285.59","286.19","282.80","29.34M","-0.03%"
"Jul 05, 2021","291.10","286.00","291.49","285.78","34.24M","1.91%"
"Jul 06, 2021","293.45","292.08","295.97","291.34","80.38M","0.81%"
"Jul 07, 2021","297.39","293.89","297.48","293.47","67.08M","1.34%"
"Jul 08, 2021","292.86","296.45","297.00","290.33","52.74M","-1.52%"
"Jul 09, 2021","295.22","293.50","295.58","292.00","40.99M","0.81%"
"Jul 12, 2021","297.39","295.51","298.48","294.90","43.36M","0.74%"
"Jul 13, 2021","293.83","297.75","297.77","293.00","49.32M","-1.20%"
"Jul 14, 2021","284.60","282.89","286.93","282.88","52.95M","-3.14%"
"Jul 15, 2021","280.01","284.58","285.11","278.96","41.73M","-1.61%"
"Jul 16, 2021","279.65","279.22","282.00","278.00","27.99M","-0.13%"
"Jul 19, 2021","275.51","277.11","279.51","273.15","42.83M","-1.48%"
"Jul 20, 2021","277.30","276.78","278.68","273.10","31.05M","0.65%"
"Jul 21, 2021","282.90","277.50","285.01","276.00","41.10M","2.02%"
"Jul 22, 2021","283.28","283.50","285.09","281.21","40.29M","0.13%"
"Jul 23, 2021","279.51","283.20","285.00","279.05","38.27M","-1.33%"
"Jul 26, 2021","281.05","277.37","281.37","276.70","27.44M","0.55%"
"Jul 27, 2021","278.08","280.18","280.83","276.84","28.47M","-1.06%"
"Jul 28, 2021","282.20","277.88","282.98","277.70","32.86M","1.48%"
"Jul 29, 2021","287.00","283.97","287.75","283.58","41.35M","1.70%"
"Jul 30, 2021","287.35","285.02","287.58","283.28","46.77M","0.12%"
"Aug 02, 2021","286.75","287.88","289.48","285.21","38.39M","-0.21%"
"Aug 03, 2021","287.09","286.75","288.05","284.34","27.07M","0.12%"
"Aug 04, 2021","287.94","287.88","288.80","286.00","23.63M","0.30%"
"Aug 05, 2021","285.95","287.33","288.28","285.16","47.27M","-0.69%"
"Aug 06, 2021","282.27","285.26","285.72","277.87","90.79M","-1.29%"
"Aug 09, 2021","286.68","282.25","287.90","280.80","68.96M","1.56%"
"Aug 10, 2021","288.61","288.00","288.80","285.70","28.93M","0.67%"
"Aug 11, 2021","290.35","288.97","291.49","287.12","37.96M","0.60%"
"Aug 12, 2021","293.23","290.30","293.81","290.25","37.65M","0.99%"
"Aug 13, 2021","292.70","292.70","293.90","291.75","21.92M","-0.18%"
"Aug 16, 2021","295.10","291.47","295.48","290.95","32.41M","0.82%"
"Aug 17, 2021","298.32","295.13","299.50","290.32","50.52M","1.09%"
"Aug 18, 2021","295.05","299.00","299.95","295.00","35.62M","-1.10%"
"Aug 19, 2021","293.68","293.46","294.72","289.68","56.28M","-0.46%"
"Aug 20, 2021","292.57","293.80","294.90","289.50","38.65M","-0.38%"
"Aug 23, 2021","297.69","294.70","297.94","294.10","38.10M","1.75%"
"Aug 24, 2021","298.70","299.00","301.00","295.95","49.07M","0.34%"
"Aug 25, 2021","296.70","298.70","299.20","294.37","30.92M","-0.67%"
"Aug 26, 2021","294.34","296.00","296.00","293.04","25.01M","-0.80%"
"Aug 27, 2021","299.66","295.80","300.00","294.81","34.15M","1.81%"
"Aug 30, 2021","305.17","301.70","305.50","299.97","69.97M","1.84%"
"Aug 31, 2021","305.65","305.83","307.67","304.10","64.37M","0.16%"
"Sep 01, 2021","312.89","306.60","313.95","306.19","79.52M","2.37%"
"Sep 02, 2021","312.30","313.59","314.80","310.30","53.41M","-0.19%"
"Sep 03, 2021","317.94","312.70","317.96","311.16","63.68M","1.81%"
"Sep 06, 2021","328.93","319.00","329.35","318.60","80.21M","3.46%"
"Sep 07, 2021","327.73","329.93","333.00","325.50","72.18M","-0.36%"
"Sep 08, 2021","327.60","328.49","328.50","322.22","58.86M","-0.04%"
"Sep 09, 2021","324.57","326.00","328.14","323.50","40.57M","-0.92%"
"Sep 10, 2021","326.43","327.00","330.00","325.50","41.49M","0.57%"
"Sep 13, 2021","332.75","328.00","333.00","327.30","55.44M","1.94%"
"Sep 14, 2021","338.98","333.10","339.92","332.36","97.27M","1.87%"
"Sep 15, 2021","343.34","339.39","344.20","337.72","108.87M","1.29%"
"Sep 16, 2021","338.50","342.00","342.99","337.03","94.89M","-1.41%"
"Sep 17, 2021","334.50","338.72","339.29","333.30","61.48M","-1.18%"
"Sep 20, 2021","325.70","329.72","332.00","321.26","73.28M","-2.63%"
"Sep 21, 2021","335.30","328.70","336.78","328.44","77.51M","2.95%"
"Sep 22, 2021","340.59","338.40","341.49","337.40","61.11M","1.58%"
"Sep 23, 2021","343.47","342.00","345.20","339.43","63.89M","0.85%"
"Sep 24, 2021","344.29","343.60","344.90","340.00","40.19M","0.24%"
"Sep 27, 2021","355.19","347.95","355.19","347.00","81.13M","3.17%"
"Sep 28, 2021","354.07","359.00","361.80","353.68","94.13M","-0.32%"
"Sep 29, 2021","360.88","354.05","360.94","352.30","60.26M","1.92%"
"Sep 30, 2021","360.80","363.25","364.53","359.53","70.09M","-0.02%"
"Oct 01, 2021","363.25","358.45","363.78","356.00","47.66M","0.68%"
"Oct 04, 2021","376.06","364.67","378.33","364.30","102.36M","3.53%"
"Oct 05, 2021","389.82","378.02","389.82","378.02","134.61M","3.66%"
"Oct 06, 2021","381.30","395.00","397.64","370.25","216.50M","-2.19%"
"Oct 07, 2021","370.70","382.18","384.30","361.61","160.55M","-2.78%"
"Oct 08, 2021","366.17","371.50","373.00","364.77","70.26M","-1.22%"
"Oct 11, 2021","369.81","369.00","372.61","363.70","78.18M","0.99%"
"Oct 12, 2021","364.10","367.27","368.85","362.25","56.82M","-1.54%"
"Oct 13, 2021","362.77","365.24","365.44","352.71","102.19M","-0.37%"
"Oct 14, 2021","367.00","366.40","369.70","364.35","59.93M","1.17%"
"Oct 15, 2021","367.76","368.40","369.35","366.61","35.91M","0.21%"
"Oct 18, 2021","363.50","365.01","366.45","360.15","43.09M","-1.16%"
"Oct 19, 2021","368.83","364.98","368.83","362.24","51.54M","1.47%"
"Oct 20, 2021","369.97","367.99","370.75","365.50","39.50M","0.31%"
"Oct 21, 2021","363.37","368.00","370.19","360.88","46.50M","-1.78%"
"Oct 22, 2021","358.12","361.40","364.19","357.48","48.43M","-1.44%"
"Oct 25, 2021","364.84","359.99","365.84","356.69","57.34M","1.88%"
"Oct 26, 2021","364.82","365.00","369.33","362.54","51.74M","-0.01%"
"Oct 27, 2021","362.17","363.29","365.49","361.18","30.68M","-0.73%"
"Oct 28, 2021","353.21","360.98","362.02","351.62","86.59M","-2.47%"
"Oct 29, 2021","350.18","351.10","352.60","345.40","75.02M","-0.86%"
"Nov 01, 2021","359.10","350.20","359.30","350.20","46.50M","2.55%"
"Nov 02, 2021","352.48","359.24","360.00","351.24","43.01M","-1.84%"
"Nov 03, 2021","353.02","350.56","353.86","346.62","37.90M","0.15%"
"Nov 05, 2021","350.60","352.00","354.80","349.23","25.73M","-0.69%"
"Nov 08, 2021","351.47","353.00","356.34","348.34","39.81M","0.25%"
"Nov 09, 2021","349.46","351.06","353.61","346.99","31.04M","-0.57%"
"Nov 10, 2021","345.80","349.99","351.25","344.20","35.47M","-1.05%"
"Nov 11, 2021","347.44","346.94","348.43","343.80","40.28M","0.47%"
"Nov 12, 2021","333.60","347.00","347.15","331.00","127.21M","-3.98%"
"Nov 15, 2021","340.30","333.80","341.81","333.67","64.25M","2.01%"
"Nov 16, 2021","336.79","341.48","342.85","331.61","64.67M","-1.03%"
"Nov 17, 2021","349.98","336.00","351.82","334.83","79.03M","3.92%"
"Nov 18, 2021","345.56","350.05","359.32","342.28","102.20M","-1.26%"
"Nov 19, 2021","337.62","348.47","350.73","334.20","96.03M","-2.30%"
"Nov 22, 2021","319.20","334.99","335.68","316.66","151.50M","-5.46%"
"Nov 23, 2021","341.77","316.09","341.77","310.62","150.58M","7.07%"
"Nov 24, 2021","338.30","343.87","348.00","332.75","93.70M","-1.02%"
"Nov 25, 2021","337.55","340.00","343.00","335.70","48.79M","-0.22%"
"Nov 26, 2021","326.00","325.00","332.00","320.10","104.01M","-3.42%"
"Nov 29, 2021","339.20","335.00","345.33","331.96","99.63M","4.05%"
"Nov 30, 2021","334.24","332.50","342.55","331.50","130.56M","-1.46%"
"Dec 01, 2021","345.21","338.51","350.37","337.61","93.12M","3.28%"
"Dec 02, 2021","350.30","347.30","352.67","344.80","75.48M","1.47%"
"Dec 03, 2021","345.99","351.50","353.13","343.21","51.71M","-1.23%"
"Dec 06, 2021","338.94","347.21","349.36","333.35","71.02M","-2.04%"
"Dec 07, 2021","344.96","339.25","346.00","333.43","75.51M","1.78%"
"Dec 08, 2021","340.50","346.00","348.47","336.53","78.33M","-1.29%"
"Dec 09, 2021","336.60","341.28","344.20","335.72","61.41M","-1.15%"
"Dec 10, 2021","332.00","337.36","338.31","329.98","44.65M","-1.37%"
"Dec 13, 2021","307.26","333.08","334.88","305.76","140.58M","-7.45%"
"Dec 14, 2021","319.35","307.00","320.00","289.78","168.69M","3.93%"
"Dec 15, 2021","324.09","319.58","325.83","316.50","79.75M","1.48%"
"Dec 16, 2021","328.39","326.17","332.30","325.38","95.51M","1.33%"
"Dec 17, 2021","327.30","327.98","329.70","323.03","72.10M","-0.33%"
"Dec 20, 2021","325.90","323.97","326.00","316.11","70.85M","-0.43%"
"Dec 21, 2021","339.88","326.61","339.88","326.50","80.09M","4.29%"
"Dec 22, 2021","345.55","340.00","349.59","339.29","96.84M","1.67%"
"Dec 23, 2021","339.81","346.10","348.32","337.00","72.15M","-1.66%"
"Dec 24, 2021","338.79","339.26","340.98","334.55","39.01M","-0.30%"
"Dec 27, 2021","343.97","339.70","343.97","339.33","29.93M","1.53%"
"Dec 28, 2021","343.23","344.00","346.60","342.55","34.86M","-0.22%"
"Dec 29, 2021","340.33","343.43","344.48","337.13","43.01M","-0.84%"
"Dec 30, 2021","342.39","340.75","344.00","337.40","40.86M","0.61%"
"Jan 03, 2022","353.73","345.00","353.88","344.30","40.12M","3.31%"
"Jan 04, 2022","352.55","353.98","358.10","348.35","52.71M","-0.33%"
"Jan 05, 2022","335.00","351.90","353.50","331.55","80.98M","-4.98%"
"Jan 06, 2022","346.13","335.90","347.67","330.11","74.60M","3.32%"
"Jan 10, 2022","344.00","348.56","351.00","340.51","51.09M","-0.62%"
"Jan 11, 2022","343.74","344.68","347.00","341.27","41.97M","-0.08%"
"Jan 12, 2022","347.43","344.48","348.64","339.57","53.46M","1.07%"
"Jan 13, 2022","337.60","347.01","347.50","333.49","118.27M","-2.83%"
"Jan 14, 2022","335.76","338.59","340.96","321.51","120.57M","-0.55%"
"Jan 17, 2022","327.81","335.90","338.95","319.17","96.95M","-2.37%"
"Jan 18, 2022","301.11","329.11","329.30","296.70","220.12M","-8.14%"
"Jan 19, 2022","318.36","299.00","320.42","282.72","220.09M","5.73%"
"Jan 20, 2022","310.42","318.40","326.69","310.07","130.27M","-2.49%"
"Jan 21, 2022","311.60","309.49","321.99","303.50","119.14M","0.38%"
"Jan 24, 2022","294.59","310.80","314.00","280.60","236.55M","-5.46%"
"Jan 25, 2022","302.96","293.94","305.00","289.62","143.19M","2.84%"
"Jan 26, 2022","299.60","302.90","307.70","293.70","125.08M","-1.11%"
"Jan 27, 2022","325.25","296.93","330.00","294.00","216.08M","8.56%"
"Jan 28, 2022","329.58","325.50","334.90","322.05","116.24M","1.33%"
"Jan 31, 2022","334.80","330.90","336.41","330.52","69.92M","1.58%"
"Feb 01, 2022","330.95","334.95","336.63","325.30","68.01M","-1.15%"
"Feb 02, 2022","331.70","332.39","333.70","325.70","54.76M","0.23%"
"Feb 03, 2022","323.75","330.00","331.00","322.30","57.60M","-2.40%"
"Feb 04, 2022","324.60","325.50","334.50","320.88","88.66M","0.26%"
"Feb 07, 2022","321.25","324.51","327.44","316.64","56.31M","-1.03%"
"Feb 08, 2022","331.70","321.45","331.87","319.00","77.97M","3.25%"
"Feb 09, 2022","335.08","332.30","336.00","330.18","63.27M","1.02%"
"Feb 10, 2022","328.93","335.41","335.47","328.10","61.93M","-1.84%"
"Feb 11, 2022","318.10","328.97","328.97","316.20","100.77M","-3.29%"
"Feb 14, 2022","321.85","314.10","324.90","303.25","121.32M","1.18%"
"Feb 15, 2022","333.60","322.43","335.50","322.43","96.88M","3.65%"
"Feb 16, 2022","336.50","335.86","339.98","331.62","77.19M","0.87%"
"Feb 17, 2022","323.51","336.37","336.37","322.04","102.16M","-3.86%"
"Feb 18, 2022","309.48","325.51","329.32","306.70","125.47M","-4.34%"
"Feb 21, 2022","257.30","309.48","318.90","241.00","413.31M","-16.86%"
"Feb 22, 2022","283.51","253.95","284.07","246.70","324.95M","10.19%"
"Feb 24, 2022","210.00","255.02","255.02","126.53","414.02M","-25.93%"
"Feb 25, 2022","228.00","208.01","244.94","191.60","211.88M","8.57%"
"Mar 24, 2022","258.51","251.41","278.90","232.00","85.87M","13.38%"
"Mar 25, 2022","227.00","263.99","269.33","225.60","67.38M","-12.19%"
"Mar 28, 2022","218.60","225.00","229.45","213.03","25.25M","-3.70%"
"Mar 29, 2022","208.00","220.00","226.00","206.00","40.38M","-4.85%"
"Mar 30, 2022","216.00","211.00","219.41","210.52","38.68M","3.85%"
"Mar 31, 2022","242.48","218.98","249.00","217.10","84.08M","12.26%"
"Apr 01, 2022","251.40","245.90","258.70","242.48","50.67M","3.68%"
"Apr 04, 2022","252.90","254.03","259.99","237.31","41.06M","0.60%"
"Apr 05, 2022","243.50","254.00","256.39","231.45","39.97M","-3.72%"
"Apr 06, 2022","239.70","238.41","247.80","234.41","20.60M","-1.56%"
"Apr 07, 2022","245.00","240.04","246.80","239.13","22.42M","2.21%"
"Apr 08, 2022","241.07","246.79","246.79","240.00","14.85M","-1.60%"
"Apr 11, 2022","234.55","241.90","242.78","234.16","15.68M","-2.70%"
"Apr 12, 2022","236.30","234.00","236.63","223.00","26.68M","0.75%"
"Apr 13, 2022","234.87","238.00","239.64","232.13","12.70M","-0.61%"
"Apr 14, 2022","222.11","235.00","235.50","221.10","21.96M","-5.43%"
"Apr 15, 2022","224.00","222.00","226.65","215.74","19.98M","0.85%"
"Apr 18, 2022","216.99","224.10","226.00","216.60","15.63M","-3.13%"
"Apr 19, 2022","220.72","216.90","222.00","207.00","30.71M","1.72%"
"Apr 20, 2022","218.92","221.43","229.84","215.63","33.62M","-0.82%"
"Apr 21, 2022","210.29","220.00","221.00","210.29","24.33M","-3.94%"
"Apr 22, 2022","208.00","210.50","215.00","207.01","28.81M","-1.09%"
"Apr 25, 2022","206.35","209.95","209.95","201.95","18.86M","-0.79%"
"Apr 26, 2022","225.85","207.97","229.74","206.73","46.55M","9.45%"
"Apr 27, 2022","237.15","226.01","237.50","221.61","48.32M","5.00%"
"Apr 28, 2022","237.53","239.40","249.00","235.50","69.10M","0.16%"
"Apr 29, 2022","240.40","238.55","245.43","238.00","43.47M","1.21%"
"May 04, 2022","234.16","241.00","244.39","233.12","20.99M","-2.60%"
"May 05, 2022","238.60","235.54","239.40","235.08","14.82M","1.90%"
"May 06, 2022","240.10","238.50","242.92","235.10","18.01M","0.63%"
"May 11, 2022","241.99","239.80","243.35","237.58","16.60M","0.79%"
"May 12, 2022","230.56","241.89","241.89","227.22","24.43M","-4.72%"
"May 13, 2022","235.52","232.50","237.20","229.02","17.35M","2.15%"
"May 16, 2022","244.20","234.00","246.95","233.11","28.31M","3.69%"
"May 17, 2022","258.80","246.01","260.00","245.30","60.03M","5.98%"